seq_id;dna_sequence;kingdom;phylum;class;order;family;genus;specificEpithet;scientificName;identificationRemarks;SPY2405886;SPY2405893;SPY2405895;SPY2405896;SPY2405887;SPY2405892;SPY2405890;SPY2405891
AbuDhabi_C1_1;gtggatctaaagcaccgccaagtcctttgggttttaagctagtgctcgtagtccccgggcggatggtgggtgtataatgccatcaaagtttagggctag;Animalia;Chordata;Teleostei;Atheriniformes;Atherinidae;Atherinomorus;lacunosus;Atherinomorus lacunosus;Atherinomorus lacunosus;;1202;511;;;2925;;469
AbuDhabi_C1_2;gtgggtctaaagcaccgccaagtcctttggattttaagctagagctcgtagtaccctggcggatagtgggtgtaatgtttctatcaaagtttagggctgt;Animalia;Chordata;Teleostei;Beloniformes;Belonidae;Tylosurus;crocodilus;Tylosurus crocodilus;Tylosurus crocodilus;624;31;210;1314;413;737;5758;209
AbuDhabi_C1_6;gtgggtttgaagcaccgccaagtcctttgggttttaagctagcgctcgtagtacactggcggataatagatgtaaagttttatctaggtttatggctga;Animalia;Chordata;Teleostei;Beloniformes;Hemiramphidae;Hemiramphus;;Hemiramphus sp.;Hemiramphus far, Hemiramphus marginatus;;;;;;1027;;
AbuDhabi_C1_7;gtgggtttgaagcaccgccaagtcctttgggttttaagctagcgctcgtagtaccctggcggataatagatgtaaagttttatctaggtttatggctga;Animalia;Chordata;Teleostei;Beloniformes;Hemiramphidae;Hemiramphus;;Hemiramphus sp.;Hemiramphus far, Hemiramphus marginatus;;1318;952;;1586;;10512;8261
AbuDhabi_C1_8;ggggttattaagcaccgccaagtcctttgggttttaagcttatgcttgtagtacccaggcgtataatctttgtaaaaaaattactgaagtttagggctag;Animalia;Chordata;Teleostei;Blenniiformes;Blenniidae;;;Blenniidae;Omobranchus fasciolatus (distributed but 12S missing from Genbank), Omobranchus mekranensis (distributed but 12S missing from Genbank);1757;;407;;;;503;2395
AbuDhabi_C1_9;gtggatgttaagcaccgccaagtcctttgggttttaaactagtgttcgtaattcacaggcggatgtttaatgtagtaaactatcaatgtttaaggctaa;Animalia;Chordata;Teleostei;Carangiformes;Carangidae;Alepes;;Alepes sp.;"Alepes djedaba	, Alepes melanoptera, Alepes vari";;1752;;;;;;
AbuDhabi_C1_10;gtggatgttaagcaccgccaagtcctttgggttttaaactagtgttcgtaattcccaggcggatgtttaatgtagtaaactatcaatgtttaaggctaa;Animalia;Chordata;Teleostei;Carangiformes;Carangidae;Alepes;;Alepes sp.;"Alepes djedaba	, Alepes melanoptera, Alepes vari";635;1313;;;;;;
AbuDhabi_C1_19;gtggatgttaagcaccgccaagtcctttgggttttaaactagtgttcgtaattcccgggcggatgtttgatgtggtaaacgatcaatgtttagggctaa;Animalia;Chordata;Teleostei;Carangiformes;Carangidae;;;Carangidae;Flavocaranx bajad, Platycaranx chrysophrys, Platycaranx malabaricus, Uraspis uraspis, Parastromateus niger, Turrum fulvoguttatum;;4128;335;959;4021;11096;;2058
AbuDhabi_C1_20;gtggatattaagcaccgccaagtcctttgggttttaaactaatgttcgtaattcccaggcggatgtttgatgtagtaaacgatcgatgtttagggctaa;Animalia;Chordata;Teleostei;Carangiformes;Carangidae;Gnathanodon;speciosus;Gnathanodon speciosus;Gnathanodon speciosus;;1936;1010;1408;3477;5712;185;1425
AbuDhabi_C1_21;ggggatgtaaagcaccgccaagtcctttgggttttaaatgggattcgtaatccccaggcggatggaatggtaaatctatgtttagggctaa;Animalia;Chordata;Teleostei;Carangiformes;Carangidae;Scomberoides;;Scomberoides sp.;Scomberoides commersonnianus, Scomberoides lysan, Scomberoides tol;519;844;112;61;451;532;49;
AbuDhabi_C1_22;gtggatctaaagcaccgccaggtcctttgggttttaagctaatgctcgtagtacccgggcgaatagtggatgtcttgaactattggtgtttagggctag;Animalia;Chordata;Teleostei;Centrarchiformes;Terapontidae;Pelates;quadrilineatus;Pelates quadrilineatus;Pelates quadrilineatus;1084;984;;199;;;;
AbuDhabi_C1_23;gtggatctaaagcaccgccaagtcctttgggttttaagctggtgctcgtagttcccgggcgaatagtgggtgtgttgctctattaatgtttagggctaa;Animalia;Chordata;Teleostei;Centrarchiformes;Terapontidae;Terapon;puta;Terapon puta;Terapon puta;6044;5441;1980;1770;4769;;13384;6503
AbuDhabi_C1_25;gtgggtttgaagcaccgccaagtcctttgggttttaagctagcgctcgtagtccccaggcgaacagttgagttaacggactgttttagtttacggctag;Animalia;Chordata;Teleostei;Acanthuriformes;Leiognathidae;;;Leiognathidae;Nuchequula gerreoides (distributed but 12S missing from Genbank), Photopectoralis bindus;1632;18136;630;;;;315;750
AbuDhabi_C1_26;gtggatctaaagcaccgccaagtcctttgggttttaagctagtgctcgtagtacccgggcggatagcaggtgtatgtgcctatcaaagtttaggggtgg;Animalia;Chordata;Teleostei;Cichliformes;Cichlidae;Oreochromis;;Oreochromis sp.;Oreochromis spilurus (distributed but 12S missing from Genbank);;;;1053;;;;
AbuDhabi_C1_27;gtgggtctaaagcaccgccaagtcctttgggttttaagctaatgctcgtagtacccgggcggatagcgggtgtagtgggctatcaatgtttagggctgg;Animalia;Chordata;Teleostei;Cichliformes;Cichlidae;Oreochromis;;Oreochromis sp.;Oreochromis mossambicus, Oreochromis niloticus, Oreochromis spilurus (distributed but 12S missing from Genbank);;30;;;;;;
AbuDhabi_C1_32;gggggtctgaagcaccgccaagtcctttgggttttaagctagcgctcgtagtccccaggcggatacttgttgtagtagcgtatctaagtttatggcagg;Animalia;Chordata;Teleostei;Clupeiformes;;;;Clupeiformes;Nematalosa resticularia (distributed but 12S missing from Genbank), Sardinella sindensis (distributed but 12S missing from Genbank), Thrissina baelama (distributed but 12S missing from Genbank), Thrissina whiteheadi (distributed but 12S missing from Genbank);16367;42057;7268;8466;37815;31805;32280;24015
AbuDhabi_C1_34;gggggtctgaagcaccgccaagtcctttgggttttaagctagcgctcgtagtccccaggcggatatctgttgtattgaaatatctaagtttacggcagg;Animalia;Chordata;Teleostei;Clupeiformes;Dorosomatidae;Nematalosa;;Nematalosa sp.;Nematalosa nasus, Nematalosa resticularia (distributed but 12S missing from Genbank);;1778;;1855;;;;670
AbuDhabi_C1_35;gggggtctgaagcaccgccaagtcctttgggttttaagctaacgctcgtagtccccaggcggatatttgttgtgattaaatatctaagtttacggcagg;Animalia;Chordata;Teleostei;Clupeiformes;Dorosomatidae;Sardinella;;Sardinella sp.;Sardinella longiceps, Sardinella sindensis (distributed but 12S missing from Genbank);;;;;50;;;
AbuDhabi_C1_36;gggggtctgaagcaccgccaagtcctttgggttttaagctggcgctcgtagtccccgggcggatatttgttgtaataaaatatctaagtttacggcagg;Animalia;Chordata;Teleostei;Clupeiformes;Dorosomatidae;Sardinella;;Sardinella sp.;Sardinella albella, Sardinella gibbosa, Sardinella sindensis (distributed but 12S missing from Genbank);;;;;;1176;;
AbuDhabi_C1_40;gggggtctgaggcaccgccaagtcctttgggttttaagctagtgctcgtagttccctggcggatgctaattgtacaggagcatctaagtttacggccgg;Animalia;Chordata;Teleostei;Clupeiformes;Engraulidae;Encrasicholina;heteroloba;Encrasicholina heteroloba;Encrasicholina heteroloba;;;29;;3680;18747;;
AbuDhabi_C1_47;gtggatctaaagcaccgccaagtcctttgggttttaagctgatgctcgtagtttccgggcgagtaacgggtgtgtggcgttaccaatgtttagggctaa;Animalia;Chordata;Teleostei;Acanthuriformes;Ephippidae;Plataxa;;Platax sp.;Platax orbicularis, Platax teira;3808;2006;582;333;;;2232;
AbuDhabi_C1_53;atgggtctgaagcaccgccaagtcctttgggtttcaagctaatgctcgtagtacccgggcggataggggggtggaattctatctatgtttagggctaa;Animalia;Chordata;Teleostei;Eupercaria incertae sedis;Gerreidae;Gerres;;Gerres sp.;Gerres infasciatus (distributed but 12S missing from Genbank), Gerres longirostris;98739;175520;18866;21589;62928;81716;11447;20355
AbuDhabi_C1_54;atgggtctgaagcaccgccaagtcctttgggtttcaagctaatgctcgtagtacccgggcggataggggggtggagttctatctatgtttagggctaa;Animalia;Chordata;Teleostei;Eupercaria incertae sedis;Gerreidae;Gerres;;Gerres sp.;Gerres infasciatus (distributed but 12S missing from Genbank), Gerres longirostris;;;10885;;;;7916;
AbuDhabi_C1_71;atgggtctaaagcaccgccaagtcctttgggtttcaagctaatgctcgtagtacccgggcggatagaagggtgtcattctatctatgtttagggctaa;Animalia;Chordata;Teleostei;Eupercaria incertae sedis;Gerreidae;Gerres;;Gerres sp.;Gerres infasciatus (distributed but 12S missing from Genbank), Gerres oyena;19825;52627;8668;11830;71645;108383;40266;39433
AbuDhabi_C1_72;gggggtctaaagcaccgccaagtcctttgggttttaagctggggctcgttgttccctggcgaatgaagttgtgaggggtcatctatgtttagggctag;Animalia;Chordata;Teleostei;Gobiiformes;Gobiidae;Favonigobius;melanobranchus;Favonigobius melanobranchus;Favonigobius melanobranchus;;2144;1006;159;19178;25954;11491;6917
AbuDhabi_C1_73;gggggtctaaagcaccgccaagtcctttgggttttaagctgaggctcgttgttccctggcgaatacctcgtgtatgggggtatctttgtttagggctag;Animalia;Chordata;Teleostei;Gobiiformes;Gobiidae;;;Gobiidae;Amblyeleotris diagonalis (distributed but 12S missing from Genbank), Amblyeleotris downingi (distributed but 12S missing from Genbank), Amblyeleotris periophthalma (distributed but 12S missing from Genbank), Amblygobius albimaculatus (distributed but 12S missing from Genbank), Amblygobius nocturnus (distributed but 12S missing from Genbank), Eviota pardalota (distributed but 12S missing from Genbank), Eviota sebreei (distributed but 12S missing from Genbank), Istigobius decoratus (distributed but 12S missing from Genbank), Valenciennea persica (distributed but 12S missing from Genbank);;;;;;;871;1857
AbuDhabi_C1_74;gggggtctaaagcaccgccaagtcctttgggttttaagctggggctcgttgttccctggcgaacgacctgtgtaattagtcgtttttgtttacagctgg;Animalia;Chordata;Teleostei;Gobiiformes;Gobiidae;;;Gobiidae;Amblyeleotris diagonalis (distributed but 12S missing from Genbank), Amblyeleotris downingi (distributed but 12S missing from Genbank), Amblyeleotris periophthalma (distributed but 12S missing from Genbank), Amblygobius albimaculatus (distributed but 12S missing from Genbank), Amblygobius nocturnus (distributed but 12S missing from Genbank), Eviota pardalota (distributed but 12S missing from Genbank), Eviota sebreei (distributed but 12S missing from Genbank), Istigobius decoratus (distributed but 12S missing from Genbank), Valenciennea persica (distributed but 12S missing from Genbank);;;;;;16;;
AbuDhabi_C1_75;gggggtctaaagcaccgccaagtcctttgggttttaagctggggctcgttgttccctggcgaataaatatgtaaagtcttatttgtgtttagggctag;Animalia;Chordata;Teleostei;Gobiiformes;;;;Gobiiformes;Amblyeleotris diagonalis (distributed but 12S missing from Genbank), Amblyeleotris downingi (distributed but 12S missing from Genbank), Amblyeleotris periophthalma (distributed but 12S missing from Genbank), Amblygobius albimaculatus (distributed but 12S missing from Genbank), Amblygobius nocturnus (distributed but 12S missing from Genbank), Asterropteryx semipunctata (distributed but 12S missing from Genbank), Awaous jayakari (distributed but 12S missing from Genbank), Eviota guttata (distributed but 12S missing from Genbank), Eviota pardalota (distributed but 12S missing from Genbank), Eviota sebreei (distributed but 12S missing from Genbank), Gnatholepis anjerensis (distributed but 12S missing from Genbank), Gobiodon rivulatus (distributed but 12S missing from Genbank), Gunnellichthys viridescens (distributed but 12S missing from Genbank), Istigobius decoratus (distributed but 12S missing from Genbank), Parioglossus raoi (distributed but 12S missing from Genbank), Ptereleotris arabica (distributed but 12S missing from Genbank), Trichonotus arabicus (distributed but 12S missing from Genbank), Valenciennea persica (distributed but 12S missing from Genbank), Xenisthmus balius (distributed but 12S missing from Genbank);;375;838;240;;;;2507
AbuDhabi_C1_76;gggggtctaaagcaccgccaagtcctttgggttttaagctggggctcgttgttccctggcgaatagttggggtagtggtgtatctgtgtttagggctag;Animalia;Chordata;Teleostei;Gobiiformes;Gobiidae;;;Gobiidae;Amblyeleotris diagonalis (distributed but 12S missing from Genbank), Amblyeleotris downingi (distributed but 12S missing from Genbank), Amblyeleotris periophthalma (distributed but 12S missing from Genbank), Amblygobius albimaculatus (distributed but 12S missing from Genbank), Amblygobius nocturnus (distributed but 12S missing from Genbank), Eviota pardalota (distributed but 12S missing from Genbank), Eviota sebreei (distributed but 12S missing from Genbank), Istigobius decoratus (distributed but 12S missing from Genbank), Valenciennea persica (distributed but 12S missing from Genbank);;3285;440;4276;41;;4745;197
AbuDhabi_C1_77;gggggtctaaagcaccgccaagtcctttgggttttaagctggggctcgttgttccctggcgagcagttggtgacgaactgcttgtgtttaaggctag;Animalia;Chordata;Teleostei;Gobiiformes;;;;Gobiiformes;Amblyeleotris diagonalis (distributed but 12S missing from Genbank), Amblyeleotris downingi (distributed but 12S missing from Genbank), Amblyeleotris periophthalma (distributed but 12S missing from Genbank), Amblygobius albimaculatus (distributed but 12S missing from Genbank), Amblygobius nocturnus (distributed but 12S missing from Genbank), Asterropteryx semipunctata (distributed but 12S missing from Genbank), Awaous jayakari (distributed but 12S missing from Genbank), Eviota guttata (distributed but 12S missing from Genbank), Eviota pardalota (distributed but 12S missing from Genbank), Eviota sebreei (distributed but 12S missing from Genbank), Gnatholepis anjerensis (distributed but 12S missing from Genbank), Gobiodon rivulatus (distributed but 12S missing from Genbank), Gunnellichthys viridescens (distributed but 12S missing from Genbank), Istigobius decoratus (distributed but 12S missing from Genbank), Parioglossus raoi (distributed but 12S missing from Genbank), Ptereleotris arabica (distributed but 12S missing from Genbank), Trichonotus arabicus (distributed but 12S missing from Genbank), Valenciennea persica (distributed but 12S missing from Genbank), Xenisthmus balius (distributed but 12S missing from Genbank);;;;;;;;612
AbuDhabi_C1_78;gggggtctaaagcaccgccaagtcctttgggttttaagctggggcttgtagttccctggcgaatatcttaagtagcggtgtatctgtgtttagggctag;Animalia;Chordata;Teleostei;Gobiiformes;Gobiidae;Cryptocentrus;lutheri;Cryptocentrus lutheri;Cryptocentrus lutheri;379;868;;;9535;19299;2801;12999
AbuDhabi_C1_80;gtgggtctaaagcaccgccaagtcctttgggttttaagctggggctcgttgttccctggcgaataatggtgtaatagcgttatctgtgtttacggctag;Animalia;Chordata;Teleostei;Gobiiformes;Gobiidae;;;Gobiidae;Amblygobius albimaculatus (distributed but 12S missing from Genbank), Amblygobius nocturnus (distributed but 12S missing from Genbank);;;;;;;;3534
AbuDhabi_C1_81;gggggtctaaagcaccgccaagtcctttgggttttaagctggggctcgttgttccctggcgaatagtattgtaaaagactatctatgtttatggctag;Animalia;Chordata;Teleostei;Gobiiformes;Gobiidae;Valenciennea;;Valenciennea sp.;Valenciennea persica (distributed but 12S missing from Genbank);621;;;;;;1178;
AbuDhabi_C1_82;gggggtctaaagcaccgccaagtcctttgggttttaagctggggctcgttgttccctggcgaatagtattgtaaaagactatctgtgtttatggctag;Animalia;Chordata;Teleostei;Gobiiformes;Gobiidae;Valenciennea;;Valenciennea sp.;Valenciennea persica (distributed but 12S missing from Genbank);;;709;;;656;;
AbuDhabi_C1_91;gtgggtctgaggtgccgccaagtcctttgggttttaagctagcgctcgtagttcccaggcgggtattggtggtaaaggaatacctaagtttacgactga;Animalia;Chordata;Teleostei;Gonorynchiformes;Chanidae;Chanos;chanos;Chanos chanos;Chanos chanos;;1160;;;7490;25050;20928;1775
AbuDhabi_C1_92;atgggtctaaagcgccgccaagtcctttgggttttaagctggtgctcgtagtacccgggcgaatagatgtgggtaaggttctatctcggtttacgactag;Animalia;Chordata;Teleostei;Kurtiformes;Apogonidae;Apogonichthyoides;;Apogonichthyoides sp.;Apogonichthyoides pseudotaeniatus (distributed but 12S missing from Genbank);;15;;;;;;
AbuDhabi_C1_94;gtggatgtgaagcgccgccaagtcctttgggtttcaagctaatgctcgtagtacccgggcggatagatatatgtgcggttctatctaggtttaaaactag;Animalia;Chordata;Teleostei;Kurtiformes;Apogonidae;Apogonichthyoides;;Apogonichthyoides sp.;Apogonichthyoides pseudotaeniatus (distributed but 12S missing from Genbank);234;;;;;2845;3346;629
AbuDhabi_C1_95;gtggatgtgaagcgccgccaagtcctttgggtttcaagctaatgctcgtagtacccgggcggatagatatatgtgcggttctatctgggtttaaaactag;Animalia;Chordata;Teleostei;Kurtiformes;Apogonidae;Apogonichthyoides;;Apogonichthyoides sp.;Apogonichthyoides pseudotaeniatus (distributed but 12S missing from Genbank);;;;;;;;439
AbuDhabi_C1_96;gtgggtgtgaagcgccgccaagtcctttgggttttaagctggtgctcgtagtacccgggcgaatagatgtgggtaaggttctatctcggtttacgactag;Animalia;Chordata;Teleostei;Kurtiformes;Apogonidae;;;Apogonidae;Jaydia queketti (distributed but 12S missing from Genbank), Jaydia truncata (distributed but 12S missing from Genbank);;2023;;;;;;
AbuDhabi_C1_97;gtggatctaaagcaccgccaagtcctttgggttttaagttaatactcgtagtacccgggcggatagtgggtgtagttctctatcaatatttagggctag;Animalia;Chordata;Teleostei;Eupercaria incertae sedis;Haemulidae;Plectorhinchus;;Plectorhinchus sp.;Plectorhinchus pictus (distributed but 12S missing from Genbank);;741;;;;;;
AbuDhabi_C1_98;gtggatctaaagcaccgccaagtcctttgggttttaagctgatgctcgtagtacccgggcggatagtgggtgtagttttctatcgatatttagggctag;Animalia;Chordata;Teleostei;Eupercaria incertae sedis;Haemulidae;Plectorhinchus;;Plectorhinchus sp.;Plectorhinchus pictus (distributed but 12S missing from Genbank), Plectorhinchus sordidus;33;;;23;31;;383;
AbuDhabi_C1_101;gtggatctaaagcaccgccaagtccttcgggttttaagctagcgctagtagttcccgggcggacagcatgtgtaatgaactgtcaatgtttaaggctgg;Animalia;Chordata;Teleostei;Eupercaria incertae sedis;Haemulidae;Pomadasys;;Pomadasys sp.;Pomadasys argenteus (distributed but 12S missing from Genbank), Pomadasys commersonnii (distributed but 12S missing from Genbank), Pomadasys kaakan, Pomadasys maculatus (distributed but 12S missing from Genbank), Pomadasys taeniatus (distributed but 12S missing from Genbank);229;3404;;;;1216;;
AbuDhabi_C1_105;gtggatctaaagcaccgccaagtcctttgggtttcaagctgatgctcgtagtccccaggcggatagtaggtgtagtttactatcgatgtttatggctag;Animalia;Chordata;Teleostei;Eupercaria incertae sedis;Lutjanidae;Lutjanus;;Lutjanus sp.;Lutjanus argentimaculatus, Lutjanus coeruleolineatus (distributed but 12S missing from Genbank);;;;;2853;;;
AbuDhabi_C1_106;gtggatctaaagcaccgccaagtcctttgggtttcaagctggtgctcgtagtccccgggcggatagcgggtgtagttaactatcaatgtttatggctag;Animalia;Chordata;Teleostei;Eupercaria incertae sedis;Lutjanidae;Lutjanus;;Lutjanus sp.;Lutjanus coeruleolineatus (distributed but 12S missing from Genbank), Lutjanus ehrenbergii, Lutjanus russellii;2779;10484;2472;4022;13410;10379;17333;12675
AbuDhabi_C1_107;gtggatctaaagcaccgccaagtcctttgggtttcaagctggtgctcgtagtccccgggcggatagtgggtgtagtttactatcaatgtttacggctag;Animalia;Chordata;Teleostei;Eupercaria incertae sedis;Lutjanidae;Lutjanus;;Lutjanus sp.;Lutjanus coeruleolineatus (distributed but 12S missing from Genbank), Lutjanus fulviflamma, Lutjanus russellii;1432;1618;884;1559;11613;15265;8566;8050
AbuDhabi_C1_108;gtggatcttaagcaccgccaagtcctttgggttttaagccagagcttgtagttcccaggcggataatgggtgtagttaattatcaaagtttagggctgg;Animalia;Chordata;Teleostei;Mugiliformes;Mugilidae;Moolgarda;seheli;Moolgarda seheli;Moolgarda seheli;;;;;140;;;
AbuDhabi_C1_109;gtggatcttaagcaccgccaagtcctttgggttttaagctaaagctcgtagtacccgggcggatagtgagtgtagttaactatcaaggtttagggctga;Animalia;Chordata;Teleostei;Mugiliformes;Mugilidae;;;Mugilidae;Planiliza klunzingeri (distributed but 12S missing from Genbank), Planiliza persica (distributed but 12S missing from Genbank);;;305;;;;;
AbuDhabi_C1_114;gtgggtctaaagcaccgccaagtcctttgggttttaagctaatgctcgtagtacccgggcggatagcgggtgtgggatgctatcaatgtttagggctag;Animalia;Chordata;Teleostei;Perciformes;Platycephalidae;Platycephalus;indicus;Platycephalus indicus;Platycephalus indicus;;;257;;;;;
AbuDhabi_C1_115;gtgggtctaaagcaccgccaagtcctttgggttttaagctaatgctcgtagtacccgggcggatagcgggtgtggggtgctatcaatgtttagggctag;Animalia;Chordata;Teleostei;Perciformes;Platycephalidae;Platycephalus;indicus;Platycephalus indicus;Platycephalus indicus;453;7769;355;868;;1510;1863;1200
AbuDhabi_C1_116;gtgggtctaaagcaccgccaagtcctttgggttttaagctgttgctcgtagttcccgggcggatagtggttgtataaggctatcaatgtttagggcaaa;Animalia;Chordata;Teleostei;Perciformes;Epinephelidae;Epinephelus;;Epinephelus sp.;Epinephelus coioides, Epinephelus latifasciatus;1932;2230;626;793;5290;444;1188;1805
AbuDhabi_C1_118;gtggatgttaagcaccgccaagtcctttgggttttaaacttatgttcgtaatacccgggcggaatgttttacgtaatcaatgtttagggctaa;Animalia;Chordata;Teleostei;Pleuronectiformes;Paralichthyidae;;;Paralichthyidae;Pseudorhombus elevatus (distributed but 12S missing from Genbank), Pseudorhombus malayanus (distributed but 12S missing from Genbank);;;;95;;;;
AbuDhabi_C1_119;gtggatgttaagcaccgccaagtcctttgggtttcaaactcgtgttcgtagtgccctggcggattcgtataatcgatgtttagggctaa;Animalia;Chordata;Teleostei;Pleuronectiformes;Soleidae;;;Soleidae;Solea elongata (distributed but 12S missing from Genbank), Solea stanalandi (distributed but 12S missing from Genbank);;127;;;;;;1245
AbuDhabi_C1_120;ggggatctaaagtaccgccaagtcctttgggtttcaagctaatgctcgtaatatccaggcggatagggggtgtagggttctatcaatgtttacggctag;Animalia;Chordata;Teleostei;Scombriformes;Scombridae;Rastrelliger;kanagurta;Rastrelliger kanagurta;Rastrelliger kanagurta;228;295;;;;;;
AbuDhabi_C1_121;ggggatctaaagtaccgccaagtcctttgggttttaagctaatgctcgtagtacccaggcggatagagggtgtatagttctatcaatgtttacggctag;Animalia;Chordata;Teleostei;Scombriformes;Scombridae;Scomberomorus;commerson;Scomberomorus commerson;Scomberomorus commerson;834;440;;;1006;;;632
AbuDhabi_C1_122;gggggtctaaagtaccgccaagtcctttgggttttaagctaatgctcgtagtacccaggcggatagagggtgtatagttctatcaatgtttacggctag;Animalia;Chordata;Teleostei;Scombriformes;Scombridae;Scomberomorus;commerson;Scomberomorus commerson;Scomberomorus commerson;;;;61;;;;
AbuDhabi_C1_123;gtgggtctgagacaccgccaagtcctttgggttttaagctgtgctcgtagtatccgggcggatgcggctgtacttgcgcatctgggtttaaggctaa;Animalia;Chordata;Teleostei;Siluriformes;Plotosidae;Plotosus;lineatus;Plotosus lineatus;Plotosus lineatus;;;;182;;;;
AbuDhabi_C1_131;gggggtctaaagcaccgccaagtcctttgggttttaagcttgcgctcgtagtccccaggcgaacagtgggtgtaaagtactgtcaatgtttatggctag;Animalia;Chordata;Teleostei;Eupercaria incertae sedis;Lethrinidae;Lethrinus;;Lethrinus sp.;Lethrinus borbonicus, Lethrinus lentjan, Lethrinus nebulosus;39355;57590;42979;60582;13624;20879;19542;23194
AbuDhabi_C1_132;gggggtttgaagcaccgccaagtcctttgggttttaagctttgatactgttgagctcgtagtaaccaggcgaacggatatgtgtaatggaccgtttatgttgaagactgg;Animalia;Chordata;Teleostei;Eupercaria incertae sedis;Nemipteridae;;;Nemipteridae;Scolopsis bimaculata (distributed but 12S missing from Genbank), Scolopsis curite (distributed but 12S missing from Genbank), Scolopsis ghanam (distributed but 12S missing from Genbank), Scolopsis taeniata (distributed but 12S missing from Genbank);276;772;74;876;;;55;
AbuDhabi_C1_133;ggggttctgaagcaccgccaagtcctttgggttttaagcttcgatactgctgagctcgtagtaaccaggcgaacggatgaatgtaataagccgtttatgttgaaggctgg;Animalia;Chordata;Teleostei;Eupercaria incertae sedis;Nemipteridae;;;Nemipteridae;Scolopsis bimaculata (distributed but 12S missing from Genbank), Scolopsis curite (distributed but 12S missing from Genbank), Scolopsis ghanam (distributed but 12S missing from Genbank), Scolopsis taeniata (distributed but 12S missing from Genbank);;1126;3140;811;;661;927;72
AbuDhabi_C1_136;gtgggtctaaagcaccgccaagtcctttgggttttgagctaatgcttgtagtacccaggcggacagaaaatgtaataaactgtcaatgtttacggctaa;Animalia;Chordata;Teleostei;Eupercaria incertae sedis;Sparidae;Acanthopagrus;;Acanthopagrus sp.;Acanthopagrus bifasciatus, Acanthopagrus berda (distributed but 12S missing from Genbank);77380;134021;111370;204236;;;;
AbuDhabi_C1_137;gtgggtctaaagcaccgccaagtcctttgggttttgagctaatgcttgtagtacccaggcggacagaaaatgtaataaactgtcaatgtttatggctga;Animalia;Chordata;Teleostei;Eupercaria incertae sedis;Sparidae;Acanthopagrus;;Acanthopagrus sp.;Acanthopagrus bifasciatus, Acanthopagrus berda (distributed but 12S missing from Genbank);;;;;11004;;;
AbuDhabi_C1_138;gtgggtctaaagcaccgccaagtcctttgggttttgagctaatgcttgtagtacccaggcggacagaaaatgttaagtactgtcaatgtttatggctaa;Animalia;Chordata;Teleostei;Eupercaria incertae sedis;Sparidae;Acanthopagrus;;Acanthopagrus sp.;Acanthopagrus berda (distributed but 12S missing from Genbank);214;560;116;189;413;253;32;40
AbuDhabi_C1_139;gtgggtctaaagcaccgccaagtcctttgggttttgagctaatgcttgtagtacccgggcggacagaagatgtaatagactgtcaatgtttatggctaa;Animalia;Chordata;Teleostei;Eupercaria incertae sedis;Sparidae;Acanthopagrus;;Acanthopagrus sp.;Acanthopagrus berda (distributed but 12S missing from Genbank);;;;841;343;952;;
AbuDhabi_C1_140;gtgggtctaaagcaccgccaagtcctttgggttttgagctaatgcttgtagtacccaggcggacagaaaatgtaataaactgtcgatgtttacggctaa;Animalia;Chordata;Teleostei;Eupercaria incertae sedis;Sparidae;Acanthopagrus;;Acanthopagrus sp.;Acanthopagrus bifasciatus, Acanthopagrus berda (distributed but 12S missing from Genbank);44025;;;;53715;39077;126358;47858
AbuDhabi_C1_141;gtgggtctaaagcaccgccaagtcctttgggttttaagctagtgctcgtagttcccaggcggacagaaaatgtaataaactgtcaatgtttatggctag;Animalia;Chordata;Teleostei;Eupercaria incertae sedis;Sparidae;Diplodus;kotschyi;Diplodus kotschyi;Diplodus kotschyi;959;;;;;;;
AbuDhabi_C1_142;gtgggtctaaagcaccgccaagtcctttgggttttaagctaatgctcgtagtccccgggcggacagaaaatgtaataaactgtcaatgtttatggctag;Animalia;Chordata;Teleostei;Eupercaria incertae sedis;Sparidae;Pagellus;;Pagellus sp.;Pagellus affinis (distributed but 12S missing from Genbank);6931;8664;2357;3169;2735;6504;824;7045
AbuDhabi_C1_143;gtgggtctaaagcaccgccaagtcctttgggttttaagctggtgctcgtagtccccgggcggacagaaaatgttaagtactgtcaatgtttatggctaa;Animalia;Chordata;Teleostei;Eupercaria incertae sedis;Sparidae;Rhabdosargus;;Rhabdosargus sp.;Rhabdosargus sarba, Rhabdosargus haffara;27755;54279;12896;19297;50151;49111;2475;5425
AbuDhabi_C1_170;gggggtctaaagcaccgccaagtcctttgggttttaagctaatgctcgtagtacccaggcggataatgtgtgtaatatcatatcaatgtttacagctag;Animalia;Chordata;Teleostei;Mulliformes;Mullidae;Upeneus;;Upeneus sp.;Upeneus doriae (distributed but 12S missing from Genbank), Upeneus oligospilus (distributed but 12S missing from Genbank), Upeneus vittatus;527;2871;565;;2142;1408;475;873
AbuDhabi_C1_171;gggggtctaaagcaccgccaagtcctttgggttttaagctagtgctcgtagtacccgggcggataatatttgtggtattttatcaatgtttacagccag;Animalia;Chordata;Teleostei;Mulliformes;Mullidae;Upeneus;;Upeneus sp.;Upeneus doriae (distributed but 12S missing from Genbank), Upeneus oligospilus (distributed but 12S missing from Genbank), Upeneus vittatus;1247;;;;;;921;
AbuDhabi_C1_172;gggggtctaaagcaccgccaagtccttggggttttaagctagtgctcgtagttcccaggcggataatgcgtgtaatatcttatcaatgtttacagccag;Animalia;Chordata;Teleostei;Mulliformes;Mullidae;Parupeneus;;Parupeneus sp.;Parupeneus heptacantha (distributed but 12S missing from Genbank), Parupeneus macronemus (distributed but 12S missing from Genbank), Parupeneus margaritatus;;;32;559;;1417;1592;272
AbuDhabi_C1_173;gtggatctaaagcaccgccaagtcctttgggttttaagcttatgctcgtagttcccaggcggatagaaatgtagttttctatcaatgtttaaggctag;Animalia;Chordata;Teleostei;Tetraodontiformes;Monacanthidae;;;Monacanthidae;"Paramonacanthus arabicus (distributed but 12S missing from Genbank), Paramonacanthus choirocephalus	, Paramonacanthus oblongus (distributed but 12S missing from Genbank), Stephanolepis diaspros (distributed but 12S missing from Genbank)";530;1329;1202;;;545;3765;1793
AbuDhabi_C1_176;atgggtctaaagcgccgccaagtcctttgggttttaagctggtgctcgtagtccccgggcggatagcgggtgtagtgggctatcaatgtttagggctgg;Animalia;Chordata;Teleostei;Tetraodontiformes;Triacanthidae;Triacanthus;biaculeatus;Triacanthus biaculeatus;Triacanthus biaculeatus;24159;93710;14868;20751;1124;5821;823;824
AbuDhabi_C1_177;gtggatctaaagcaccgccaagtcctttgggttttaagctgatgctcgtagtacccaggcggacagtaggtgtatattactgtcaatgtttagggctag;Animalia;Chordata;Teleostei;Eupercaria incertae sedis;Monodactylidae;Monodactylus;argenteus;Monodactylus argenteus;Monodactylus argenteus;;;216;501;;;937;1881
AbuDhabi_C1_184;gtgggtgtaaagcaccgccaagtcctttgggttttaagctggtgctcgtagttcccgggcggacagtagggtatgtgaactgtctatgtttacggctag;Animalia;Chordata;Teleostei;Acanthuriformes;Pomacanthidae;Pomacanthus;maculosus;Pomacanthus maculosus;Pomacanthus maculosus;11425;33762;8325;11335;59346;52917;30647;44407
AbuDhabi_C1_185;gtggatctaaagcaccgccaagtcctttgggttttaagctggtgctcgtagttcccaggcggacaatggttgtagttcattgtcaatgtttagggctag;Animalia;Chordata;Teleostei;Acanthuriformes;Siganidae;Siganus;;Siganus sp.;Siganus canaliculatus, Siganus javus (distributed but 12S missing from Genbank), Siganus luridus;1200;10747;3430;3248;17622;24953;59253;53339
AbuDhabi_C1_186;ggggatctaaagcaccgccaagtcctttgggtttaaagctagcgctcgtagttcccaggcggacaacgggtgtggtaagttgtcaatgtttagggctaa;Animalia;Chordata;Teleostei;Eupercaria incertae sedis;Sillaginidae;Sillago;sihama;Sillago sihama;Sillago sihama;1652;1348;;363;;;;
AbuDhabi_C1_187;gtggatctaaagcaccgccaagtcctttgggttttaagctagcgctcgtagttcccgggcggacaactggtgtatctagttgtcaatgtttagggctaa;Animalia;Chordata;Teleostei;Eupercaria incertae sedis;Sillaginidae;Sillago;sihama;Sillago sihama;Sillago sihama;;;;;;902;;
AbuDhabi_C1_188;gtggatgtaaagcaccgccaagtcctttgggtttcagacaaggtgggggggggggtagaagataaatagaaataaagaaagggggcgtgcgtaatacccgggcggatcggggttgtgttatacaatcgatgtttagggctga;Animalia;Chordata;Teleostei;Carangaria incertae sedis;Sphyraenidae;Sphyraena;;Sphyraena sp.;Sphyraena qenie, Sphyraena putnamae (distributed but 12S missing from Genbank);23;;;;32;;;
AbuDhabi_C1_189;gtggatgtaaagcaccgccaagtcctttgggtttcagacaaggtggggggggggtagaagataaatagaaataaagaaagggggcgtgcgtaatacccgggcggatcggggttgtgttatacaatcgatgtttagggctga;Animalia;Chordata;Teleostei;Carangaria incertae sedis;Sphyraenidae;Sphyraena;;Sphyraena sp.;Sphyraena qenie, Sphyraena putnamae (distributed but 12S missing from Genbank);27;;;;42;;;
AbuDhabi_C1_193;gtggatgtaaagcaccgccaagtcctttgggtttcagactagtgtccgtaattcccaggcggatcggggttgtagagttcgatcaatgtttaggactga;Animalia;Chordata;Teleostei;Carangaria incertae sedis;Sphyraenidae;Sphyraena;;Sphyraena sp.;Sphyraena jello, Sphyraena putnamae (distributed but 12S missing from Genbank);2082;480;375;;2349;6606;802;719
AbuDhabi_C1_194;gtgggtttggggcaccgccaagtccttagagttttaagcgtttgtgctcgtagttctcgggcggatgctttggtacggcaagcatcgagatttagggctag;Animalia;Chordata;Aves;Charadriiformes;Laridae;;;Laridae;;;;;;1312;216;;1073
AbuDhabi_C1_195;atgggtttggggcaccgccaagtccttagagttttaagcgtttgtgctcgtagttctcgggcggatgctttggtacggcaagcatcgagatttagggctag;Animalia;Chordata;Aves;Charadriiformes;Laridae;Larus;;Larus sp.;;;;;;;;;1615
AbuDhabi_C1_196;gtgggtttggggcaccgccaagtccttagagttttaagcgtttgtgctcgtagttctcaggcggatgctttggttatatagagcatcaagatttagggccag;Animalia;Chordata;Aves;Columbiformes;Columbidae;;;Columbidae;;;;;;16;;;
AbuDhabi_C1_199;gtgggtttggggcaccgccaagtccttagagttttaagcgtttgtgctcgtagttctcgggcggatactttggtgagttaagtatcaagatttagggctga;Animalia;Chordata;Aves;Ciconiiformes;Ardeidae;Butorides;striata;Butorides striata;;;;;;750;;;
AbuDhabi_C1_200;gtgggtttggggcaccgccaagtccttagagttttaagcgtttgcgctcgtagttctcgggcgggcactttagtaggggaagtgccaagatttagggctag;Animalia;Chordata;Aves;Pelecaniformes;Phalacrocoracidae;Phalacrocorax;;Phalacrocorax sp.;;;;;;;158;;
AbuDhabi_C1_201;gtgggtatgggataccgccaagtcctttgggttttaagctagcgcttgtagtactctggcgaacaatatagtgggatgttgtttaagtttgtggttgg;Animalia;Chordata;Elasmobranchii;Carcharhiniformes;;;;Carcharhiniformes;Carcharhinus amblyrhynchoides, Carcharhinus leucas, Carcharhinus limbatus, Carcharhinus melanopterus, Carcharhinus plumbeus, Carcharhinus sorrah, Sphyrna lewini, Sphyrna mokarran;;17;;;;;;
AbuDhabi_C1_202;gtgggtttggagcaccgccaagtcctttggattttaagctagcgcttgtagtattcgggcgggtattaaggtaagattaatttaacaatgtttatggttaa;Animalia;Chordata;Elasmobranchii;Myliobatiformes;Dasyatidae;Pastinachus;sephen;Pastinachus sephen;Pastinachus sephen;;;23;;;;;
AbuDhabi_C1_203;aaggatatgaagcaccgccaagtcctttgagttttgggctgttgccgatagtactctggcgaataatcttgttttaggattatttaagtttacgactaa;Animalia;Chordata;Mammalia;Cetartiodactyla;Delphinidae;;;Delphinidae;Tursiops truncatus, Tursiops aduncus, Stenella longirostris, Stenella attenuata, Stenella coeruleolalba, Delphinus deplhis, Sousa plumbea (distributed but 12S missing from Genbank);457;1716;371;3059;;;4954;6611
AbuDhabi_C1_221;gtggatctaaagcaccgccaagtcctttgggttttaagctggtgctcgtaatacccaggcggatagtgatggtataaaactatctatgtttacggctaa;Animalia;Chordata;Teleostei;Perciformes;;;;Perciformes;Choridactylus multibarbus (distributed but 12S missing from Genbank), Synanceia nana (distributed but 12S missing from Genbank), Pseudosynanceaia melanostigma (distributed but 12S missing from Genbank);;;;;927;2434;;
AbuDhabi_C1_227;gggggtctgaagcaccgccaagtcctttgggttttaagctagcgctcgtagtccccaggcggatacttgttgtagtagcgtatctatgtttagggctaa;Animalia;Chordata;Teleostei;Clupeiformes;;;;Clupeiformes;Herklotsichthys lossei (distributed but 12S missing from Genbank), Nematalosa resticularia (distributed but 12S missing from Genbank), Sardinella sindensis (distributed but 12S missing from Genbank);;27;;;;;;13
AbuDhabi_C1_240;gtggatctaaagcaccgccaagtcctttgggttttaagcttatgctcgtagtacccgggcggatagtagttgtagtgtgctatcaaagtttacggctgt;Animalia;Chordata;Teleostei;Cyprinodontiformes;Cyprinodontidae;Aphaniops;stoliczkanus;Aphaniops stoliczkanus;Aphaniops stoliczkanus;;;;;19735;12320;;
AbuDhabi_C1_249;atgggtctgaagcaccgccaagtcctttgggtttcaagctaatgctcgtagtacccgggcggatagcgggtgtagtgggctatcaatgtttagggctgg;Animalia;Chordata;Teleostei;Cichliformes;Cichlidae;Oreochromis;;Oreochromis sp.;Oreochromis spilurus (distributed but 12S missing from Genbank);37;112;11;;;;;
AbuDhabi_C1_251;gtgggtctaaagcaccgccaagtcctttgggttttaagcttaagctcgtagtccccgggcggatagcgggtgtggtagtctatcaaggtttacgactga;Animalia;Chordata;Teleostei;Ovalentaria incertae sedis;Pseudochromidae;Pseudochromis;;Pseudochromis sp.;Pseudochromis persicus, Pseudochromis aldabraensis (distributed but 12S missing from Genbank), Pseudochrois nigrovittatus (distributed but 12S missing from Genbank), Pseudochromis linda (distributed but 12S missing from Genbank);12;;;;2908;2212;;33
AbuDhabi_C1_255;gtggatctaaagcaccgccaagtcctttgggttttaagcttatgctcgtagtacccgggcggatagtaattgtagtgtgctatcaaagtttacggctgt;Animalia;Chordata;Teleostei;Cyprinodontiformes;Cyprinodontidae;Aphaniops;stoliczkanus;Aphaniops stoliczkanus;Aphaniops stoliczkanus;;;;;;9915;;