seq_id;dna_sequence;kingdom;phylum;class;order;family;genus;specificEpithet;TAXON;scientificName;identificationRemarks;Al_Hudayriat;Bateen;Mangrove;Seagrass
AbuDhabi_C1_194;gtgggtttggggcaccgccaagtccttagagttttaagcgtttgtgctcgtagttctcgggcggatgctttggtacggcaagcatcgagatttagggctag;Animalia;Chordata;Aves;Charadriiformes;Laridae;;;Laridae;Laridae;;0;0;1;1
AbuDhabi_C1_195;atgggtttggggcaccgccaagtccttagagttttaagcgtttgtgctcgtagttctcgggcggatgctttggtacggcaagcatcgagatttagggctag;Animalia;Chordata;Aves;Charadriiformes;Laridae;Larus;;Larus sp.;Larus sp.;;0;0;0;1
AbuDhabi_C1_199;gtgggtttggggcaccgccaagtccttagagttttaagcgtttgtgctcgtagttctcgggcggatactttggtgagttaagtatcaagatttagggctga;Animalia;Chordata;Aves;Ciconiiformes;Ardeidae;Butorides;striata;Butorides striata;Butorides striata;;0;0;1;0
AbuDhabi_C1_196;gtgggtttggggcaccgccaagtccttagagttttaagcgtttgtgctcgtagttctcaggcggatgctttggttatatagagcatcaagatttagggccag;Animalia;Chordata;Aves;Columbiformes;Columbidae;;;Columbidae;Columbidae;;0;0;1;0
AbuDhabi_C1_200;gtgggtttggggcaccgccaagtccttagagttttaagcgtttgcgctcgtagttctcgggcgggcactttagtaggggaagtgccaagatttagggctag;Animalia;Chordata;Aves;Pelecaniformes;Phalacrocoracidae;Phalacrocorax;;Phalacrocorax sp.;Phalacrocorax sp.;;0;0;1;0
AbuDhabi_C1_201;gtgggtatgggataccgccaagtcctttgggttttaagctagcgcttgtagtactctggcgaacaatatagtgggatgttgtttaagtttgtggttgg;Animalia;Chordata;Elasmobranchii;Carcharhiniformes;;;;Carcharhiniformes;Carcharhiniformes;Carcharhinus amblyrhynchoides, Carcharhinus leucas, Carcharhinus limbatus, Carcharhinus melanopterus, Carcharhinus plumbeus, Carcharhinus sorrah, Sphyrna lewini, Sphyrna mokarran;1;0;0;0
AbuDhabi_C1_202;gtgggtttggagcaccgccaagtcctttggattttaagctagcgcttgtagtattcgggcgggtattaaggtaagattaatttaacaatgtttatggttaa;Animalia;Chordata;Elasmobranchii;Myliobatiformes;Dasyatidae;Pastinachus;sephen;Pastinachus sephen;Pastinachus sephen;Pastinachus sephen;0;1;0;0
AbuDhabi_C1_203;aaggatatgaagcaccgccaagtcctttgagttttgggctgttgccgatagtactctggcgaataatcttgttttaggattatttaagtttacgactaa;Animalia;Chordata;Mammalia;Cetartiodactyla;Delphinidae;;;Delphinidae;Delphinidae;Tursiops truncatus, Tursiops aduncus, Stenella longirostris, Stenella attenuata, Stenella coeruleolalba, Delphinus deplhis, Sousa plumbea (distributed but 12S missing from Genbank);1;1;0;1
AbuDhabi_C1_47;gtggatctaaagcaccgccaagtcctttgggttttaagctgatgctcgtagtttccgggcgagtaacgggtgtgtggcgttaccaatgtttagggctaa;Animalia;Chordata;Teleostei;Acanthuriformes;Ephippidae;Plataxa;;Platax sp.;Platax sp.;Platax orbicularis, Platax teira;1;1;0;1
AbuDhabi_C1_25;gtgggtttgaagcaccgccaagtcctttgggttttaagctagcgctcgtagtccccaggcgaacagttgagttaacggactgttttagtttacggctag;Animalia;Chordata;Teleostei;Acanthuriformes;Leiognathidae;;;Leiognathidae;Leiognathidae;Nuchequula gerreoides (distributed but 12S missing from Genbank), Photopectoralis bindus;1;1;0;1
AbuDhabi_C1_184;gtgggtgtaaagcaccgccaagtcctttgggttttaagctggtgctcgtagttcccgggcggacagtagggtatgtgaactgtctatgtttacggctag;Animalia;Chordata;Teleostei;Acanthuriformes;Pomacanthidae;Pomacanthus;maculosus;Pomacanthus maculosus;Pomacanthus maculosus;Pomacanthus maculosus;1;1;1;1
AbuDhabi_C1_185;gtggatctaaagcaccgccaagtcctttgggttttaagctggtgctcgtagttcccaggcggacaatggttgtagttcattgtcaatgtttagggctag;Animalia;Chordata;Teleostei;Acanthuriformes;Siganidae;Siganus;;Siganus sp.;Siganus sp.;Siganus canaliculatus, Siganus javus (distributed but 12S missing from Genbank), Siganus luridus;1;1;1;1
AbuDhabi_C1_1;gtggatctaaagcaccgccaagtcctttgggttttaagctagtgctcgtagtccccgggcggatggtgggtgtataatgccatcaaagtttagggctag;Animalia;Chordata;Teleostei;Atheriniformes;Atherinidae;Atherinomorus;lacunosus;Atherinomorus lacunosus;Atherinomorus lacunosus;Atherinomorus lacunosus;1;1;1;1
AbuDhabi_C1_2;gtgggtctaaagcaccgccaagtcctttggattttaagctagagctcgtagtaccctggcggatagtgggtgtaatgtttctatcaaagtttagggctgt;Animalia;Chordata;Teleostei;Beloniformes;Belonidae;Tylosurus;crocodilus;Tylosurus crocodilus;Tylosurus crocodilus;Tylosurus crocodilus;1;1;1;1
AbuDhabi_C1_6;gtgggtttgaagcaccgccaagtcctttgggttttaagctagcgctcgtagtacactggcggataatagatgtaaagttttatctaggtttatggctga;Animalia;Chordata;Teleostei;Beloniformes;Hemiramphidae;Hemiramphus;;Hemiramphus sp._1;Hemiramphus sp.;Hemiramphus far, Hemiramphus marginatus;0;0;1;0
AbuDhabi_C1_7;gtgggtttgaagcaccgccaagtcctttgggttttaagctagcgctcgtagtaccctggcggataatagatgtaaagttttatctaggtttatggctga;Animalia;Chordata;Teleostei;Beloniformes;Hemiramphidae;Hemiramphus;;Hemiramphus sp._2;Hemiramphus sp.;Hemiramphus far, Hemiramphus marginatus;1;1;1;1
AbuDhabi_C1_8;ggggttattaagcaccgccaagtcctttgggttttaagcttatgcttgtagtacccaggcgtataatctttgtaaaaaaattactgaagtttagggctag;Animalia;Chordata;Teleostei;Blenniiformes;Blenniidae;;;Blenniidae;Blenniidae;Omobranchus fasciolatus (distributed but 12S missing from Genbank), Omobranchus mekranensis (distributed but 12S missing from Genbank);1;1;0;1
AbuDhabi_C1_188;gtggatgtaaagcaccgccaagtcctttgggtttcagacaaggtgggggggggggtagaagataaatagaaataaagaaagggggcgtgcgtaatacccgggcggatcggggttgtgttatacaatcgatgtttagggctga;Animalia;Chordata;Teleostei;Carangaria incertae sedis;Sphyraenidae;Sphyraena;;Sphyraena sp._1;Sphyraena sp.;Sphyraena qenie, Sphyraena putnamae (distributed but 12S missing from Genbank);1;0;1;0
AbuDhabi_C1_189;gtggatgtaaagcaccgccaagtcctttgggtttcagacaaggtggggggggggtagaagataaatagaaataaagaaagggggcgtgcgtaatacccgggcggatcggggttgtgttatacaatcgatgtttagggctga;Animalia;Chordata;Teleostei;Carangaria incertae sedis;Sphyraenidae;Sphyraena;;Sphyraena sp._2;Sphyraena sp.;Sphyraena qenie, Sphyraena putnamae (distributed but 12S missing from Genbank);1;0;1;0
AbuDhabi_C1_193;gtggatgtaaagcaccgccaagtcctttgggtttcagactagtgtccgtaattcccaggcggatcggggttgtagagttcgatcaatgtttaggactga;Animalia;Chordata;Teleostei;Carangaria incertae sedis;Sphyraenidae;Sphyraena;;Sphyraena sp._3;Sphyraena sp.;Sphyraena jello, Sphyraena putnamae (distributed but 12S missing from Genbank);1;1;1;1
AbuDhabi_C1_19;gtggatgttaagcaccgccaagtcctttgggttttaaactagtgttcgtaattcccgggcggatgtttgatgtggtaaacgatcaatgtttagggctaa;Animalia;Chordata;Teleostei;Carangiformes;Carangidae;;;Carangidae;Carangidae;Flavocaranx bajad, Platycaranx chrysophrys, Platycaranx malabaricus, Uraspis uraspis, Parastromateus niger, Turrum fulvoguttatum;1;1;1;1
AbuDhabi_C1_9;gtggatgttaagcaccgccaagtcctttgggttttaaactagtgttcgtaattcacaggcggatgtttaatgtagtaaactatcaatgtttaaggctaa;Animalia;Chordata;Teleostei;Carangiformes;Carangidae;Alepes;;Alepes sp._1;Alepes sp.;"Alepes djedaba	, Alepes melanoptera, Alepes vari";1;0;0;0
AbuDhabi_C1_10;gtggatgttaagcaccgccaagtcctttgggttttaaactagtgttcgtaattcccaggcggatgtttaatgtagtaaactatcaatgtttaaggctaa;Animalia;Chordata;Teleostei;Carangiformes;Carangidae;Alepes;;Alepes sp._2;Alepes sp.;"Alepes djedaba	, Alepes melanoptera, Alepes vari";1;0;0;0
AbuDhabi_C1_20;gtggatattaagcaccgccaagtcctttgggttttaaactaatgttcgtaattcccaggcggatgtttgatgtagtaaacgatcgatgtttagggctaa;Animalia;Chordata;Teleostei;Carangiformes;Carangidae;Gnathanodon;speciosus;Gnathanodon speciosus;Gnathanodon speciosus;Gnathanodon speciosus;1;1;1;1
AbuDhabi_C1_21;ggggatgtaaagcaccgccaagtcctttgggttttaaatgggattcgtaatccccaggcggatggaatggtaaatctatgtttagggctaa;Animalia;Chordata;Teleostei;Carangiformes;Carangidae;Scomberoides;;Scomberoides sp.;Scomberoides sp.;Scomberoides commersonnianus, Scomberoides lysan, Scomberoides tol;1;1;1;1
AbuDhabi_C1_22;gtggatctaaagcaccgccaggtcctttgggttttaagctaatgctcgtagtacccgggcgaatagtggatgtcttgaactattggtgtttagggctag;Animalia;Chordata;Teleostei;Centrarchiformes;Terapontidae;Pelates;quadrilineatus;Pelates quadrilineatus;Pelates quadrilineatus;Pelates quadrilineatus;1;1;0;0
AbuDhabi_C1_23;gtggatctaaagcaccgccaagtcctttgggttttaagctggtgctcgtagttcccgggcgaatagtgggtgtgttgctctattaatgtttagggctaa;Animalia;Chordata;Teleostei;Centrarchiformes;Terapontidae;Terapon;puta;Terapon puta;Terapon puta;Terapon puta;1;1;1;1
AbuDhabi_C1_26;gtggatctaaagcaccgccaagtcctttgggttttaagctagtgctcgtagtacccgggcggatagcaggtgtatgtgcctatcaaagtttaggggtgg;Animalia;Chordata;Teleostei;Cichliformes;Cichlidae;Oreochromis;;Oreochromis sp._1;Oreochromis sp.;Oreochromis spilurus (distributed but 12S missing from Genbank);0;1;0;0
AbuDhabi_C1_27;gtgggtctaaagcaccgccaagtcctttgggttttaagctaatgctcgtagtacccgggcggatagcgggtgtagtgggctatcaatgtttagggctgg;Animalia;Chordata;Teleostei;Cichliformes;Cichlidae;Oreochromis;;Oreochromis sp._2;Oreochromis sp.;Oreochromis mossambicus, Oreochromis niloticus, Oreochromis spilurus (distributed but 12S missing from Genbank);1;0;0;0
AbuDhabi_C1_249;atgggtctgaagcaccgccaagtcctttgggtttcaagctaatgctcgtagtacccgggcggatagcgggtgtagtgggctatcaatgtttagggctgg;Animalia;Chordata;Teleostei;Cichliformes;Cichlidae;Oreochromis;;Oreochromis sp._1;Oreochromis sp.;Oreochromis spilurus (distributed but 12S missing from Genbank);1;1;0;0
AbuDhabi_C1_32;gggggtctgaagcaccgccaagtcctttgggttttaagctagcgctcgtagtccccaggcggatacttgttgtagtagcgtatctaagtttatggcagg;Animalia;Chordata;Teleostei;Clupeiformes;;;;Clupeiformes_1;Clupeiformes;Nematalosa resticularia (distributed but 12S missing from Genbank), Sardinella sindensis (distributed but 12S missing from Genbank), Thrissina baelama (distributed but 12S missing from Genbank), Thrissina whiteheadi (distributed but 12S missing from Genbank);1;1;1;1
AbuDhabi_C1_227;gggggtctgaagcaccgccaagtcctttgggttttaagctagcgctcgtagtccccaggcggatacttgttgtagtagcgtatctatgtttagggctaa;Animalia;Chordata;Teleostei;Clupeiformes;;;;Clupeiformes_2;Clupeiformes;Herklotsichthys lossei (distributed but 12S missing from Genbank), Nematalosa resticularia (distributed but 12S missing from Genbank), Sardinella sindensis (distributed but 12S missing from Genbank);1;0;0;1
AbuDhabi_C1_34;gggggtctgaagcaccgccaagtcctttgggttttaagctagcgctcgtagtccccaggcggatatctgttgtattgaaatatctaagtttacggcagg;Animalia;Chordata;Teleostei;Clupeiformes;Dorosomatidae;Nematalosa;;Nematalosa sp.;Nematalosa sp.;Nematalosa nasus, Nematalosa resticularia (distributed but 12S missing from Genbank);1;1;0;1
AbuDhabi_C1_35;gggggtctgaagcaccgccaagtcctttgggttttaagctaacgctcgtagtccccaggcggatatttgttgtgattaaatatctaagtttacggcagg;Animalia;Chordata;Teleostei;Clupeiformes;Dorosomatidae;Sardinella;;Sardinella sp._1;Sardinella sp.;Sardinella longiceps, Sardinella sindensis (distributed but 12S missing from Genbank);0;0;1;0
AbuDhabi_C1_36;gggggtctgaagcaccgccaagtcctttgggttttaagctggcgctcgtagtccccgggcggatatttgttgtaataaaatatctaagtttacggcagg;Animalia;Chordata;Teleostei;Clupeiformes;Dorosomatidae;Sardinella;;Sardinella sp._2;Sardinella sp.;Sardinella albella, Sardinella gibbosa, Sardinella sindensis (distributed but 12S missing from Genbank);0;0;1;0
AbuDhabi_C1_40;gggggtctgaggcaccgccaagtcctttgggttttaagctagtgctcgtagttccctggcggatgctaattgtacaggagcatctaagtttacggccgg;Animalia;Chordata;Teleostei;Clupeiformes;Engraulidae;Encrasicholina;heteroloba;Encrasicholina heteroloba;Encrasicholina heteroloba;Encrasicholina heteroloba;0;1;1;0
AbuDhabi_C1_240;gtggatctaaagcaccgccaagtcctttgggttttaagcttatgctcgtagtacccgggcggatagtagttgtagtgtgctatcaaagtttacggctgt;Animalia;Chordata;Teleostei;Cyprinodontiformes;Cyprinodontidae;Aphaniops;stoliczkanus;Aphaniops stoliczkanus;Aphaniops stoliczkanus;Aphaniops stoliczkanus;0;0;1;0
AbuDhabi_C1_255;gtggatctaaagcaccgccaagtcctttgggttttaagcttatgctcgtagtacccgggcggatagtaattgtagtgtgctatcaaagtttacggctgt;Animalia;Chordata;Teleostei;Cyprinodontiformes;Cyprinodontidae;Aphaniops;stoliczkanus;Aphaniops stoliczkanus;Aphaniops stoliczkanus;Aphaniops stoliczkanus;0;0;1;0
AbuDhabi_C1_53;atgggtctgaagcaccgccaagtcctttgggtttcaagctaatgctcgtagtacccgggcggataggggggtggaattctatctatgtttagggctaa;Animalia;Chordata;Teleostei;Eupercaria incertae sedis;Gerreidae;Gerres;;Gerres sp._1;Gerres sp.;Gerres infasciatus (distributed but 12S missing from Genbank), Gerres longirostris;1;1;1;1
AbuDhabi_C1_54;atgggtctgaagcaccgccaagtcctttgggtttcaagctaatgctcgtagtacccgggcggataggggggtggagttctatctatgtttagggctaa;Animalia;Chordata;Teleostei;Eupercaria incertae sedis;Gerreidae;Gerres;;Gerres sp._2;Gerres sp.;Gerres infasciatus (distributed but 12S missing from Genbank), Gerres longirostris;0;1;0;1
AbuDhabi_C1_71;atgggtctaaagcaccgccaagtcctttgggtttcaagctaatgctcgtagtacccgggcggatagaagggtgtcattctatctatgtttagggctaa;Animalia;Chordata;Teleostei;Eupercaria incertae sedis;Gerreidae;Gerres;;Gerres sp._3;Gerres sp.;Gerres infasciatus (distributed but 12S missing from Genbank), Gerres oyena;1;1;1;1
AbuDhabi_C1_97;gtggatctaaagcaccgccaagtcctttgggttttaagttaatactcgtagtacccgggcggatagtgggtgtagttctctatcaatatttagggctag;Animalia;Chordata;Teleostei;Eupercaria incertae sedis;Haemulidae;Plectorhinchus;;Plectorhinchus sp._1;Plectorhinchus sp.;Plectorhinchus pictus (distributed but 12S missing from Genbank);1;0;0;0
AbuDhabi_C1_98;gtggatctaaagcaccgccaagtcctttgggttttaagctgatgctcgtagtacccgggcggatagtgggtgtagttttctatcgatatttagggctag;Animalia;Chordata;Teleostei;Eupercaria incertae sedis;Haemulidae;Plectorhinchus;;Plectorhinchus sp._2;Plectorhinchus sp.;Plectorhinchus pictus (distributed but 12S missing from Genbank), Plectorhinchus sordidus;1;1;1;1
AbuDhabi_C1_101;gtggatctaaagcaccgccaagtccttcgggttttaagctagcgctagtagttcccgggcggacagcatgtgtaatgaactgtcaatgtttaaggctgg;Animalia;Chordata;Teleostei;Eupercaria incertae sedis;Haemulidae;Pomadasys;;Pomadasys sp.;Pomadasys sp.;Pomadasys argenteus (distributed but 12S missing from Genbank), Pomadasys commersonnii (distributed but 12S missing from Genbank), Pomadasys kaakan, Pomadasys maculatus (distributed but 12S missing from Genbank), Pomadasys taeniatus (distributed but 12S missing from Genbank);1;0;1;0
AbuDhabi_C1_131;gggggtctaaagcaccgccaagtcctttgggttttaagcttgcgctcgtagtccccaggcgaacagtgggtgtaaagtactgtcaatgtttatggctag;Animalia;Chordata;Teleostei;Eupercaria incertae sedis;Lethrinidae;Lethrinus;;Lethrinus sp.;Lethrinus sp.;Lethrinus borbonicus, Lethrinus lentjan, Lethrinus nebulosus;1;1;1;1
AbuDhabi_C1_105;gtggatctaaagcaccgccaagtcctttgggtttcaagctgatgctcgtagtccccaggcggatagtaggtgtagtttactatcgatgtttatggctag;Animalia;Chordata;Teleostei;Eupercaria incertae sedis;Lutjanidae;Lutjanus;;Lutjanus sp._1;Lutjanus sp.;Lutjanus argentimaculatus, Lutjanus coeruleolineatus (distributed but 12S missing from Genbank);0;0;1;0
AbuDhabi_C1_106;gtggatctaaagcaccgccaagtcctttgggtttcaagctggtgctcgtagtccccgggcggatagcgggtgtagttaactatcaatgtttatggctag;Animalia;Chordata;Teleostei;Eupercaria incertae sedis;Lutjanidae;Lutjanus;;Lutjanus sp._2;Lutjanus sp.;Lutjanus coeruleolineatus (distributed but 12S missing from Genbank), Lutjanus ehrenbergii, Lutjanus russellii;1;1;1;1
AbuDhabi_C1_107;gtggatctaaagcaccgccaagtcctttgggtttcaagctggtgctcgtagtccccgggcggatagtgggtgtagtttactatcaatgtttacggctag;Animalia;Chordata;Teleostei;Eupercaria incertae sedis;Lutjanidae;Lutjanus;;Lutjanus sp._3;Lutjanus sp.;Lutjanus coeruleolineatus (distributed but 12S missing from Genbank), Lutjanus fulviflamma, Lutjanus russellii;1;1;1;1
AbuDhabi_C1_177;gtggatctaaagcaccgccaagtcctttgggttttaagctgatgctcgtagtacccaggcggacagtaggtgtatattactgtcaatgtttagggctag;Animalia;Chordata;Teleostei;Eupercaria incertae sedis;Monodactylidae;Monodactylus;argenteus;Monodactylus argenteus;Monodactylus argenteus;Monodactylus argenteus;0;1;0;1
AbuDhabi_C1_132;gggggtttgaagcaccgccaagtcctttgggttttaagctttgatactgttgagctcgtagtaaccaggcgaacggatatgtgtaatggaccgtttatgttgaagactgg;Animalia;Chordata;Teleostei;Eupercaria incertae sedis;Nemipteridae;;;Nemipteridae_1;Nemipteridae;Scolopsis bimaculata (distributed but 12S missing from Genbank), Scolopsis curite (distributed but 12S missing from Genbank), Scolopsis ghanam (distributed but 12S missing from Genbank), Scolopsis taeniata (distributed but 12S missing from Genbank);1;1;0;1
AbuDhabi_C1_133;ggggttctgaagcaccgccaagtcctttgggttttaagcttcgatactgctgagctcgtagtaaccaggcgaacggatgaatgtaataagccgtttatgttgaaggctgg;Animalia;Chordata;Teleostei;Eupercaria incertae sedis;Nemipteridae;;;Nemipteridae_2;Nemipteridae;Scolopsis bimaculata (distributed but 12S missing from Genbank), Scolopsis curite (distributed but 12S missing from Genbank), Scolopsis ghanam (distributed but 12S missing from Genbank), Scolopsis taeniata (distributed but 12S missing from Genbank);1;1;1;1
AbuDhabi_C1_186;ggggatctaaagcaccgccaagtcctttgggtttaaagctagcgctcgtagttcccaggcggacaacgggtgtggtaagttgtcaatgtttagggctaa;Animalia;Chordata;Teleostei;Eupercaria incertae sedis;Sillaginidae;Sillago;sihama;Sillago sihama;Sillago sihama;Sillago sihama;1;1;0;0
AbuDhabi_C1_187;gtggatctaaagcaccgccaagtcctttgggttttaagctagcgctcgtagttcccgggcggacaactggtgtatctagttgtcaatgtttagggctaa;Animalia;Chordata;Teleostei;Eupercaria incertae sedis;Sillaginidae;Sillago;sihama;Sillago sihama;Sillago sihama;Sillago sihama;0;0;1;0
AbuDhabi_C1_136;gtgggtctaaagcaccgccaagtcctttgggttttgagctaatgcttgtagtacccaggcggacagaaaatgtaataaactgtcaatgtttacggctaa;Animalia;Chordata;Teleostei;Eupercaria incertae sedis;Sparidae;Acanthopagrus;;Acanthopagrus sp._1;Acanthopagrus sp.;Acanthopagrus bifasciatus, Acanthopagrus berda (distributed but 12S missing from Genbank);1;1;0;0
AbuDhabi_C1_137;gtgggtctaaagcaccgccaagtcctttgggttttgagctaatgcttgtagtacccaggcggacagaaaatgtaataaactgtcaatgtttatggctga;Animalia;Chordata;Teleostei;Eupercaria incertae sedis;Sparidae;Acanthopagrus;;Acanthopagrus sp._1;Acanthopagrus sp.;Acanthopagrus bifasciatus, Acanthopagrus berda (distributed but 12S missing from Genbank);0;0;1;0
AbuDhabi_C1_138;gtgggtctaaagcaccgccaagtcctttgggttttgagctaatgcttgtagtacccaggcggacagaaaatgttaagtactgtcaatgtttatggctaa;Animalia;Chordata;Teleostei;Eupercaria incertae sedis;Sparidae;Acanthopagrus;;Acanthopagrus sp._2;Acanthopagrus sp.;Acanthopagrus berda (distributed but 12S missing from Genbank);1;1;1;1
AbuDhabi_C1_139;gtgggtctaaagcaccgccaagtcctttgggttttgagctaatgcttgtagtacccgggcggacagaagatgtaatagactgtcaatgtttatggctaa;Animalia;Chordata;Teleostei;Eupercaria incertae sedis;Sparidae;Acanthopagrus;;Acanthopagrus sp._2;Acanthopagrus sp.;Acanthopagrus berda (distributed but 12S missing from Genbank);0;1;1;0
AbuDhabi_C1_140;gtgggtctaaagcaccgccaagtcctttgggttttgagctaatgcttgtagtacccaggcggacagaaaatgtaataaactgtcgatgtttacggctaa;Animalia;Chordata;Teleostei;Eupercaria incertae sedis;Sparidae;Acanthopagrus;;Acanthopagrus sp._1;Acanthopagrus sp.;Acanthopagrus bifasciatus, Acanthopagrus berda (distributed but 12S missing from Genbank);1;0;1;1
AbuDhabi_C1_141;gtgggtctaaagcaccgccaagtcctttgggttttaagctagtgctcgtagttcccaggcggacagaaaatgtaataaactgtcaatgtttatggctag;Animalia;Chordata;Teleostei;Eupercaria incertae sedis;Sparidae;Diplodus;kotschyi;Diplodus kotschyi;Diplodus kotschyi;Diplodus kotschyi;1;0;0;0
AbuDhabi_C1_142;gtgggtctaaagcaccgccaagtcctttgggttttaagctaatgctcgtagtccccgggcggacagaaaatgtaataaactgtcaatgtttatggctag;Animalia;Chordata;Teleostei;Eupercaria incertae sedis;Sparidae;Pagellus;;Pagellus sp.;Pagellus sp.;Pagellus affinis (distributed but 12S missing from Genbank);1;1;1;1
AbuDhabi_C1_143;gtgggtctaaagcaccgccaagtcctttgggttttaagctggtgctcgtagtccccgggcggacagaaaatgttaagtactgtcaatgtttatggctaa;Animalia;Chordata;Teleostei;Eupercaria incertae sedis;Sparidae;Rhabdosargus;;Rhabdosargus sp.;Rhabdosargus sp.;Rhabdosargus sarba, Rhabdosargus haffara;1;1;1;1
AbuDhabi_C1_75;gggggtctaaagcaccgccaagtcctttgggttttaagctggggctcgttgttccctggcgaataaatatgtaaagtcttatttgtgtttagggctag;Animalia;Chordata;Teleostei;Gobiiformes;;;;Gobiiformes_1;Gobiiformes;Amblyeleotris diagonalis (distributed but 12S missing from Genbank), Amblyeleotris downingi (distributed but 12S missing from Genbank), Amblyeleotris periophthalma (distributed but 12S missing from Genbank), Amblygobius albimaculatus (distributed but 12S missing from Genbank), Amblygobius nocturnus (distributed but 12S missing from Genbank), Asterropteryx semipunctata (distributed but 12S missing from Genbank), Awaous jayakari (distributed but 12S missing from Genbank), Eviota guttata (distributed but 12S missing from Genbank), Eviota pardalota (distributed but 12S missing from Genbank), Eviota sebreei (distributed but 12S missing from Genbank), Gnatholepis anjerensis (distributed but 12S missing from Genbank), Gobiodon rivulatus (distributed but 12S missing from Genbank), Gunnellichthys viridescens (distributed but 12S missing from Genbank), Istigobius decoratus (distributed but 12S missing from Genbank), Parioglossus raoi (distributed but 12S missing from Genbank), Ptereleotris arabica (distributed but 12S missing from Genbank), Trichonotus arabicus (distributed but 12S missing from Genbank), Valenciennea persica (distributed but 12S missing from Genbank), Xenisthmus balius (distributed but 12S missing from Genbank);1;1;0;1
AbuDhabi_C1_77;gggggtctaaagcaccgccaagtcctttgggttttaagctggggctcgttgttccctggcgagcagttggtgacgaactgcttgtgtttaaggctag;Animalia;Chordata;Teleostei;Gobiiformes;;;;Gobiiformes_2;Gobiiformes;Amblyeleotris diagonalis (distributed but 12S missing from Genbank), Amblyeleotris downingi (distributed but 12S missing from Genbank), Amblyeleotris periophthalma (distributed but 12S missing from Genbank), Amblygobius albimaculatus (distributed but 12S missing from Genbank), Amblygobius nocturnus (distributed but 12S missing from Genbank), Asterropteryx semipunctata (distributed but 12S missing from Genbank), Awaous jayakari (distributed but 12S missing from Genbank), Eviota guttata (distributed but 12S missing from Genbank), Eviota pardalota (distributed but 12S missing from Genbank), Eviota sebreei (distributed but 12S missing from Genbank), Gnatholepis anjerensis (distributed but 12S missing from Genbank), Gobiodon rivulatus (distributed but 12S missing from Genbank), Gunnellichthys viridescens (distributed but 12S missing from Genbank), Istigobius decoratus (distributed but 12S missing from Genbank), Parioglossus raoi (distributed but 12S missing from Genbank), Ptereleotris arabica (distributed but 12S missing from Genbank), Trichonotus arabicus (distributed but 12S missing from Genbank), Valenciennea persica (distributed but 12S missing from Genbank), Xenisthmus balius (distributed but 12S missing from Genbank);0;0;0;1
AbuDhabi_C1_73;gggggtctaaagcaccgccaagtcctttgggttttaagctgaggctcgttgttccctggcgaatacctcgtgtatgggggtatctttgtttagggctag;Animalia;Chordata;Teleostei;Gobiiformes;Gobiidae;;;Gobiidae_1;Gobiidae;Amblyeleotris diagonalis (distributed but 12S missing from Genbank), Amblyeleotris downingi (distributed but 12S missing from Genbank), Amblyeleotris periophthalma (distributed but 12S missing from Genbank), Amblygobius albimaculatus (distributed but 12S missing from Genbank), Amblygobius nocturnus (distributed but 12S missing from Genbank), Eviota pardalota (distributed but 12S missing from Genbank), Eviota sebreei (distributed but 12S missing from Genbank), Istigobius decoratus (distributed but 12S missing from Genbank), Valenciennea persica (distributed but 12S missing from Genbank);0;0;0;1
AbuDhabi_C1_74;gggggtctaaagcaccgccaagtcctttgggttttaagctggggctcgttgttccctggcgaacgacctgtgtaattagtcgtttttgtttacagctgg;Animalia;Chordata;Teleostei;Gobiiformes;Gobiidae;;;Gobiidae_2;Gobiidae;Amblyeleotris diagonalis (distributed but 12S missing from Genbank), Amblyeleotris downingi (distributed but 12S missing from Genbank), Amblyeleotris periophthalma (distributed but 12S missing from Genbank), Amblygobius albimaculatus (distributed but 12S missing from Genbank), Amblygobius nocturnus (distributed but 12S missing from Genbank), Eviota pardalota (distributed but 12S missing from Genbank), Eviota sebreei (distributed but 12S missing from Genbank), Istigobius decoratus (distributed but 12S missing from Genbank), Valenciennea persica (distributed but 12S missing from Genbank);0;0;1;0
AbuDhabi_C1_76;gggggtctaaagcaccgccaagtcctttgggttttaagctggggctcgttgttccctggcgaatagttggggtagtggtgtatctgtgtttagggctag;Animalia;Chordata;Teleostei;Gobiiformes;Gobiidae;;;Gobiidae_3;Gobiidae;Amblyeleotris diagonalis (distributed but 12S missing from Genbank), Amblyeleotris downingi (distributed but 12S missing from Genbank), Amblyeleotris periophthalma (distributed but 12S missing from Genbank), Amblygobius albimaculatus (distributed but 12S missing from Genbank), Amblygobius nocturnus (distributed but 12S missing from Genbank), Eviota pardalota (distributed but 12S missing from Genbank), Eviota sebreei (distributed but 12S missing from Genbank), Istigobius decoratus (distributed but 12S missing from Genbank), Valenciennea persica (distributed but 12S missing from Genbank);1;1;1;1
AbuDhabi_C1_80;gtgggtctaaagcaccgccaagtcctttgggttttaagctggggctcgttgttccctggcgaataatggtgtaatagcgttatctgtgtttacggctag;Animalia;Chordata;Teleostei;Gobiiformes;Gobiidae;;;Gobiidae_4;Gobiidae;Amblygobius albimaculatus (distributed but 12S missing from Genbank), Amblygobius nocturnus (distributed but 12S missing from Genbank);0;0;0;1
AbuDhabi_C1_78;gggggtctaaagcaccgccaagtcctttgggttttaagctggggcttgtagttccctggcgaatatcttaagtagcggtgtatctgtgtttagggctag;Animalia;Chordata;Teleostei;Gobiiformes;Gobiidae;Cryptocentrus;lutheri;Cryptocentrus lutheri;Cryptocentrus lutheri;Cryptocentrus lutheri;1;0;1;1
AbuDhabi_C1_72;gggggtctaaagcaccgccaagtcctttgggttttaagctggggctcgttgttccctggcgaatgaagttgtgaggggtcatctatgtttagggctag;Animalia;Chordata;Teleostei;Gobiiformes;Gobiidae;Favonigobius;melanobranchus;Favonigobius melanobranchus;Favonigobius melanobranchus;Favonigobius melanobranchus;1;1;1;1
AbuDhabi_C1_81;gggggtctaaagcaccgccaagtcctttgggttttaagctggggctcgttgttccctggcgaatagtattgtaaaagactatctatgtttatggctag;Animalia;Chordata;Teleostei;Gobiiformes;Gobiidae;Valenciennea;;Valenciennea sp.;Valenciennea sp.;Valenciennea persica (distributed but 12S missing from Genbank);1;0;0;1
AbuDhabi_C1_82;gggggtctaaagcaccgccaagtcctttgggttttaagctggggctcgttgttccctggcgaatagtattgtaaaagactatctgtgtttatggctag;Animalia;Chordata;Teleostei;Gobiiformes;Gobiidae;Valenciennea;;Valenciennea sp.;Valenciennea sp.;Valenciennea persica (distributed but 12S missing from Genbank);0;1;1;0
AbuDhabi_C1_91;gtgggtctgaggtgccgccaagtcctttgggttttaagctagcgctcgtagttcccaggcgggtattggtggtaaaggaatacctaagtttacgactga;Animalia;Chordata;Teleostei;Gonorynchiformes;Chanidae;Chanos;chanos;Chanos chanos;Chanos chanos;Chanos chanos;1;0;1;1
AbuDhabi_C1_96;gtgggtgtgaagcgccgccaagtcctttgggttttaagctggtgctcgtagtacccgggcgaatagatgtgggtaaggttctatctcggtttacgactag;Animalia;Chordata;Teleostei;Kurtiformes;Apogonidae;;;Apogonidae;Apogonidae;Jaydia queketti (distributed but 12S missing from Genbank), Jaydia truncata (distributed but 12S missing from Genbank);1;0;0;0
AbuDhabi_C1_92;atgggtctaaagcgccgccaagtcctttgggttttaagctggtgctcgtagtacccgggcgaatagatgtgggtaaggttctatctcggtttacgactag;Animalia;Chordata;Teleostei;Kurtiformes;Apogonidae;Apogonichthyoides;;Apogonichthyoides sp.;Apogonichthyoides sp.;Apogonichthyoides pseudotaeniatus (distributed but 12S missing from Genbank);1;0;0;0
AbuDhabi_C1_94;gtggatgtgaagcgccgccaagtcctttgggtttcaagctaatgctcgtagtacccgggcggatagatatatgtgcggttctatctaggtttaaaactag;Animalia;Chordata;Teleostei;Kurtiformes;Apogonidae;Apogonichthyoides;;Apogonichthyoides sp.;Apogonichthyoides sp.;Apogonichthyoides pseudotaeniatus (distributed but 12S missing from Genbank);1;0;1;1
AbuDhabi_C1_95;gtggatgtgaagcgccgccaagtcctttgggtttcaagctaatgctcgtagtacccgggcggatagatatatgtgcggttctatctgggtttaaaactag;Animalia;Chordata;Teleostei;Kurtiformes;Apogonidae;Apogonichthyoides;;Apogonichthyoides sp.;Apogonichthyoides sp.;Apogonichthyoides pseudotaeniatus (distributed but 12S missing from Genbank);0;0;0;1
AbuDhabi_C1_109;gtggatcttaagcaccgccaagtcctttgggttttaagctaaagctcgtagtacccgggcggatagtgagtgtagttaactatcaaggtttagggctga;Animalia;Chordata;Teleostei;Mugiliformes;Mugilidae;;;Mugilidae;Mugilidae;Planiliza klunzingeri (distributed but 12S missing from Genbank), Planiliza persica (distributed but 12S missing from Genbank);0;1;0;0
AbuDhabi_C1_108;gtggatcttaagcaccgccaagtcctttgggttttaagccagagcttgtagttcccaggcggataatgggtgtagttaattatcaaagtttagggctgg;Animalia;Chordata;Teleostei;Mugiliformes;Mugilidae;Moolgarda;seheli;Moolgarda seheli;Moolgarda seheli;Moolgarda seheli;0;0;1;0
AbuDhabi_C1_172;gggggtctaaagcaccgccaagtccttggggttttaagctagtgctcgtagttcccaggcggataatgcgtgtaatatcttatcaatgtttacagccag;Animalia;Chordata;Teleostei;Mulliformes;Mullidae;Parupeneus;;Parupeneus sp.;Parupeneus sp.;Parupeneus heptacantha (distributed but 12S missing from Genbank), Parupeneus macronemus (distributed but 12S missing from Genbank), Parupeneus margaritatus;0;1;1;1
AbuDhabi_C1_170;gggggtctaaagcaccgccaagtcctttgggttttaagctaatgctcgtagtacccaggcggataatgtgtgtaatatcatatcaatgtttacagctag;Animalia;Chordata;Teleostei;Mulliformes;Mullidae;Upeneus;;Upeneus sp._1;Upeneus sp.;Upeneus doriae (distributed but 12S missing from Genbank), Upeneus oligospilus (distributed but 12S missing from Genbank), Upeneus vittatus;1;1;1;1
AbuDhabi_C1_171;gggggtctaaagcaccgccaagtcctttgggttttaagctagtgctcgtagtacccgggcggataatatttgtggtattttatcaatgtttacagccag;Animalia;Chordata;Teleostei;Mulliformes;Mullidae;Upeneus;;Upeneus sp._2;Upeneus sp.;Upeneus doriae (distributed but 12S missing from Genbank), Upeneus oligospilus (distributed but 12S missing from Genbank), Upeneus vittatus;1;0;0;1
AbuDhabi_C1_251;gtgggtctaaagcaccgccaagtcctttgggttttaagcttaagctcgtagtccccgggcggatagcgggtgtggtagtctatcaaggtttacgactga;Animalia;Chordata;Teleostei;Ovalentaria incertae sedis;Pseudochromidae;Pseudochromis;;Pseudochromis sp.;Pseudochromis sp.;Pseudochromis persicus, Pseudochromis aldabraensis (distributed but 12S missing from Genbank), Pseudochrois nigrovittatus (distributed but 12S missing from Genbank), Pseudochromis linda (distributed but 12S missing from Genbank);1;0;1;1
AbuDhabi_C1_221;gtggatctaaagcaccgccaagtcctttgggttttaagctggtgctcgtaatacccaggcggatagtgatggtataaaactatctatgtttacggctaa;Animalia;Chordata;Teleostei;Perciformes;;;;Perciformes;Perciformes;Choridactylus multibarbus (distributed but 12S missing from Genbank), Synanceia nana (distributed but 12S missing from Genbank), Pseudosynanceaia melanostigma (distributed but 12S missing from Genbank);0;0;1;0
AbuDhabi_C1_116;gtgggtctaaagcaccgccaagtcctttgggttttaagctgttgctcgtagttcccgggcggatagtggttgtataaggctatcaatgtttagggcaaa;Animalia;Chordata;Teleostei;Perciformes;Epinephelidae;Epinephelus;;Epinephelus sp.;Epinephelus sp.;Epinephelus coioides, Epinephelus latifasciatus;1;1;1;1
AbuDhabi_C1_114;gtgggtctaaagcaccgccaagtcctttgggttttaagctaatgctcgtagtacccgggcggatagcgggtgtgggatgctatcaatgtttagggctag;Animalia;Chordata;Teleostei;Perciformes;Platycephalidae;Platycephalus;indicus;Platycephalus indicus;Platycephalus indicus;Platycephalus indicus;0;1;0;0
AbuDhabi_C1_115;gtgggtctaaagcaccgccaagtcctttgggttttaagctaatgctcgtagtacccgggcggatagcgggtgtggggtgctatcaatgtttagggctag;Animalia;Chordata;Teleostei;Perciformes;Platycephalidae;Platycephalus;indicus;Platycephalus indicus;Platycephalus indicus;Platycephalus indicus;1;1;1;1
AbuDhabi_C1_118;gtggatgttaagcaccgccaagtcctttgggttttaaacttatgttcgtaatacccgggcggaatgttttacgtaatcaatgtttagggctaa;Animalia;Chordata;Teleostei;Pleuronectiformes;Paralichthyidae;;;Paralichthyidae;Paralichthyidae;Pseudorhombus elevatus (distributed but 12S missing from Genbank), Pseudorhombus malayanus (distributed but 12S missing from Genbank);0;1;0;0
AbuDhabi_C1_119;gtggatgttaagcaccgccaagtcctttgggtttcaaactcgtgttcgtagtgccctggcggattcgtataatcgatgtttagggctaa;Animalia;Chordata;Teleostei;Pleuronectiformes;Soleidae;;;Soleidae;Soleidae;Solea elongata (distributed but 12S missing from Genbank), Solea stanalandi (distributed but 12S missing from Genbank);1;0;0;1
AbuDhabi_C1_120;ggggatctaaagtaccgccaagtcctttgggtttcaagctaatgctcgtaatatccaggcggatagggggtgtagggttctatcaatgtttacggctag;Animalia;Chordata;Teleostei;Scombriformes;Scombridae;Rastrelliger;kanagurta;Rastrelliger kanagurta;Rastrelliger kanagurta;Rastrelliger kanagurta;1;0;0;0
AbuDhabi_C1_121;ggggatctaaagtaccgccaagtcctttgggttttaagctaatgctcgtagtacccaggcggatagagggtgtatagttctatcaatgtttacggctag;Animalia;Chordata;Teleostei;Scombriformes;Scombridae;Scomberomorus;commerson;Scomberomorus commerson;Scomberomorus commerson;Scomberomorus commerson;1;0;1;1
AbuDhabi_C1_122;gggggtctaaagtaccgccaagtcctttgggttttaagctaatgctcgtagtacccaggcggatagagggtgtatagttctatcaatgtttacggctag;Animalia;Chordata;Teleostei;Scombriformes;Scombridae;Scomberomorus;commerson;Scomberomorus commerson;Scomberomorus commerson;Scomberomorus commerson;0;1;0;0
AbuDhabi_C1_123;gtgggtctgagacaccgccaagtcctttgggttttaagctgtgctcgtagtatccgggcggatgcggctgtacttgcgcatctgggtttaaggctaa;Animalia;Chordata;Teleostei;Siluriformes;Plotosidae;Plotosus;lineatus;Plotosus lineatus;Plotosus lineatus;Plotosus lineatus;0;1;0;0
AbuDhabi_C1_173;gtggatctaaagcaccgccaagtcctttgggttttaagcttatgctcgtagttcccaggcggatagaaatgtagttttctatcaatgtttaaggctag;Animalia;Chordata;Teleostei;Tetraodontiformes;Monacanthidae;;;Monacanthidae;Monacanthidae;"Paramonacanthus arabicus (distributed but 12S missing from Genbank), Paramonacanthus choirocephalus	, Paramonacanthus oblongus (distributed but 12S missing from Genbank), Stephanolepis diaspros (distributed but 12S missing from Genbank)";1;1;1;1
AbuDhabi_C1_176;atgggtctaaagcgccgccaagtcctttgggttttaagctggtgctcgtagtccccgggcggatagcgggtgtagtgggctatcaatgtttagggctgg;Animalia;Chordata;Teleostei;Tetraodontiformes;Triacanthidae;Triacanthus;biaculeatus;Triacanthus biaculeatus;Triacanthus biaculeatus;Triacanthus biaculeatus;1;1;1;1